date,ticker,adjusted_close,event_date,event_trading_day,t
2025-02-11,SLNO,49.400001525878906,2025-03-26,2025-03-26,-30
2025-02-12,SLNO,50.25,2025-03-26,2025-03-26,-29
2025-02-13,SLNO,51.33000183105469,2025-03-26,2025-03-26,-28
2025-02-14,SLNO,49.16999816894531,2025-03-26,2025-03-26,-27
2025-02-18,SLNO,48.06999969482422,2025-03-26,2025-03-26,-26
2025-02-19,SLNO,47.47999954223633,2025-03-26,2025-03-26,-25
2025-02-20,SLNO,47.41999816894531,2025-03-26,2025-03-26,-24
2025-02-21,SLNO,46.130001068115234,2025-03-26,2025-03-26,-23
2025-02-24,SLNO,45.0099983215332,2025-03-26,2025-03-26,-22
2025-02-25,SLNO,44.86000061035156,2025-03-26,2025-03-26,-21
2025-02-26,SLNO,45.099998474121094,2025-03-26,2025-03-26,-20
2025-02-27,SLNO,44.9900016784668,2025-03-26,2025-03-26,-19
2025-02-28,SLNO,48.81999969482422,2025-03-26,2025-03-26,-18
2025-03-03,SLNO,45.79999923706055,2025-03-26,2025-03-26,-17
2025-03-04,SLNO,44.439998626708984,2025-03-26,2025-03-26,-16
2025-03-05,SLNO,44.9900016784668,2025-03-26,2025-03-26,-15
2025-03-06,SLNO,44.939998626708984,2025-03-26,2025-03-26,-14
2025-03-07,SLNO,44.779998779296875,2025-03-26,2025-03-26,-13
2025-03-10,SLNO,43.68000030517578,2025-03-26,2025-03-26,-12
2025-03-11,SLNO,44.779998779296875,2025-03-26,2025-03-26,-11
2025-03-12,SLNO,46.70000076293945,2025-03-26,2025-03-26,-10
2025-03-13,SLNO,49.029998779296875,2025-03-26,2025-03-26,-9
2025-03-14,SLNO,49.34000015258789,2025-03-26,2025-03-26,-8
2025-03-17,SLNO,49.630001068115234,2025-03-26,2025-03-26,-7
2025-03-18,SLNO,50.11000061035156,2025-03-26,2025-03-26,-6
2025-03-19,SLNO,48.779998779296875,2025-03-26,2025-03-26,-5
2025-03-20,SLNO,48.400001525878906,2025-03-26,2025-03-26,-4
2025-03-21,SLNO,49.11000061035156,2025-03-26,2025-03-26,-3
2025-03-24,SLNO,50.13999938964844,2025-03-26,2025-03-26,-2
2025-03-25,SLNO,50.04999923706055,2025-03-26,2025-03-26,-1
2025-03-26,SLNO,48.970001220703125,2025-03-26,2025-03-26,0
2025-03-27,SLNO,67.38999938964844,2025-03-26,2025-03-26,1
2025-03-28,SLNO,71.98999786376953,2025-03-26,2025-03-26,2
2025-03-31,SLNO,71.44999694824219,2025-03-26,2025-03-26,3
2025-04-01,SLNO,68.26000213623047,2025-03-26,2025-03-26,4
2025-04-02,SLNO,73.66999816894531,2025-03-26,2025-03-26,5
2025-04-03,SLNO,72.16000366210938,2025-03-26,2025-03-26,6
2025-04-04,SLNO,67.4800033569336,2025-03-26,2025-03-26,7
2025-04-07,SLNO,69.63999938964844,2025-03-26,2025-03-26,8
2025-04-08,SLNO,59.040000915527344,2025-03-26,2025-03-26,9
2025-04-09,SLNO,63.27000045776367,2025-03-26,2025-03-26,10
2025-04-10,SLNO,62.869998931884766,2025-03-26,2025-03-26,11
2025-04-11,SLNO,67.2300033569336,2025-03-26,2025-03-26,12
2025-04-14,SLNO,70.0,2025-03-26,2025-03-26,13
2025-04-15,SLNO,70.25,2025-03-26,2025-03-26,14
2025-04-16,SLNO,69.93000030517578,2025-03-26,2025-03-26,15
2025-04-17,SLNO,69.9800033569336,2025-03-26,2025-03-26,16
2025-04-21,SLNO,68.93000030517578,2025-03-26,2025-03-26,17
2025-04-22,SLNO,71.4000015258789,2025-03-26,2025-03-26,18
2025-04-23,SLNO,72.2699966430664,2025-03-26,2025-03-26,19
2025-04-24,SLNO,74.2300033569336,2025-03-26,2025-03-26,20
2025-04-25,SLNO,73.26000213623047,2025-03-26,2025-03-26,21
2025-04-28,SLNO,73.63999938964844,2025-03-26,2025-03-26,22
2025-04-29,SLNO,75.2699966430664,2025-03-26,2025-03-26,23
2025-04-30,SLNO,74.86000061035156,2025-03-26,2025-03-26,24
2025-05-01,SLNO,75.0199966430664,2025-03-26,2025-03-26,25
2025-05-02,SLNO,75.2300033569336,2025-03-26,2025-03-26,26
2025-05-05,SLNO,76.48999786376953,2025-03-26,2025-03-26,27
2025-05-06,SLNO,73.70999908447266,2025-03-26,2025-03-26,28
2025-05-07,SLNO,74.66000366210938,2025-03-26,2025-03-26,29
2025-05-08,SLNO,76.26000213623047,2025-03-26,2025-03-26,30
2025-03-17,ABEO,5.300000190734863,2025-04-29,2025-04-29,-30
2025-03-18,ABEO,5.159999847412109,2025-04-29,2025-04-29,-29
2025-03-19,ABEO,5.199999809265137,2025-04-29,2025-04-29,-28
2025-03-20,ABEO,5.139999866485596,2025-04-29,2025-04-29,-27
2025-03-21,ABEO,5.150000095367432,2025-04-29,2025-04-29,-26
2025-03-24,ABEO,5.119999885559082,2025-04-29,2025-04-29,-25
2025-03-25,ABEO,5.0,2025-04-29,2025-04-29,-24
2025-03-26,ABEO,4.989999771118164,2025-04-29,2025-04-29,-23
2025-03-27,ABEO,5.039999961853027,2025-04-29,2025-04-29,-22
2025-03-28,ABEO,4.96999979019165,2025-04-29,2025-04-29,-21
2025-03-31,ABEO,4.760000228881836,2025-04-29,2025-04-29,-20
2025-04-01,ABEO,4.449999809265137,2025-04-29,2025-04-29,-19
2025-04-02,ABEO,4.679999828338623,2025-04-29,2025-04-29,-18
2025-04-03,ABEO,4.949999809265137,2025-04-29,2025-04-29,-17
2025-04-04,ABEO,4.519999980926514,2025-04-29,2025-04-29,-16
2025-04-07,ABEO,4.510000228881836,2025-04-29,2025-04-29,-15
2025-04-08,ABEO,4.320000171661377,2025-04-29,2025-04-29,-14
2025-04-09,ABEO,4.369999885559082,2025-04-29,2025-04-29,-13
2025-04-10,ABEO,4.179999828338623,2025-04-29,2025-04-29,-12
2025-04-11,ABEO,4.599999904632568,2025-04-29,2025-04-29,-11
2025-04-14,ABEO,4.949999809265137,2025-04-29,2025-04-29,-10
2025-04-15,ABEO,4.920000076293945,2025-04-29,2025-04-29,-9
2025-04-16,ABEO,4.849999904632568,2025-04-29,2025-04-29,-8
2025-04-17,ABEO,4.840000152587891,2025-04-29,2025-04-29,-7
2025-04-21,ABEO,4.920000076293945,2025-04-29,2025-04-29,-6
2025-04-22,ABEO,5.28000020980835,2025-04-29,2025-04-29,-5
2025-04-23,ABEO,5.21999979019165,2025-04-29,2025-04-29,-4
2025-04-24,ABEO,5.389999866485596,2025-04-29,2025-04-29,-3
2025-04-25,ABEO,5.329999923706055,2025-04-29,2025-04-29,-2
2025-04-28,ABEO,5.349999904632568,2025-04-29,2025-04-29,-1
2025-04-29,ABEO,5.300000190734863,2025-04-29,2025-04-29,0
2025-04-30,ABEO,6.559999942779541,2025-04-29,2025-04-29,1
2025-05-01,ABEO,6.869999885559082,2025-04-29,2025-04-29,2
2025-05-02,ABEO,6.559999942779541,2025-04-29,2025-04-29,3
2025-05-05,ABEO,6.400000095367432,2025-04-29,2025-04-29,4
2025-05-06,ABEO,5.760000228881836,2025-04-29,2025-04-29,5
2025-05-07,ABEO,5.269999980926514,2025-04-29,2025-04-29,6
2025-05-08,ABEO,5.489999771118164,2025-04-29,2025-04-29,7
2025-05-09,ABEO,5.269999980926514,2025-04-29,2025-04-29,8
2025-05-12,ABEO,5.599999904632568,2025-04-29,2025-04-29,9
2025-05-13,ABEO,5.630000114440918,2025-04-29,2025-04-29,10
2025-05-14,ABEO,5.389999866485596,2025-04-29,2025-04-29,11
2025-05-15,ABEO,5.789999961853027,2025-04-29,2025-04-29,12
2025-05-16,ABEO,6.099999904632568,2025-04-29,2025-04-29,13
2025-05-19,ABEO,6.230000019073486,2025-04-29,2025-04-29,14
2025-05-20,ABEO,6.420000076293945,2025-04-29,2025-04-29,15
2025-05-21,ABEO,6.449999809265137,2025-04-29,2025-04-29,16
2025-05-22,ABEO,6.579999923706055,2025-04-29,2025-04-29,17
2025-05-23,ABEO,6.420000076293945,2025-04-29,2025-04-29,18
2025-05-27,ABEO,6.119999885559082,2025-04-29,2025-04-29,19
2025-05-28,ABEO,5.989999771118164,2025-04-29,2025-04-29,20
2025-05-29,ABEO,6.159999847412109,2025-04-29,2025-04-29,21
2025-05-30,ABEO,6.239999771118164,2025-04-29,2025-04-29,22
2025-06-02,ABEO,6.28000020980835,2025-04-29,2025-04-29,23
2025-06-03,ABEO,6.269999980926514,2025-04-29,2025-04-29,24
2025-06-04,ABEO,6.440000057220459,2025-04-29,2025-04-29,25
2025-06-05,ABEO,6.480000019073486,2025-04-29,2025-04-29,26
2025-06-06,ABEO,6.739999771118164,2025-04-29,2025-04-29,27
2025-06-09,ABEO,6.539999961853027,2025-04-29,2025-04-29,28
2025-06-10,ABEO,6.460000038146973,2025-04-29,2025-04-29,29
2025-06-11,ABEO,6.21999979019165,2025-04-29,2025-04-29,30
2025-04-10,LQDA,12.390000343322754,2025-05-23,2025-05-23,-30
2025-04-11,LQDA,13.470000267028809,2025-05-23,2025-05-23,-29
2025-04-14,LQDA,13.829999923706056,2025-05-23,2025-05-23,-28
2025-04-15,LQDA,13.600000381469728,2025-05-23,2025-05-23,-27
2025-04-16,LQDA,13.68000030517578,2025-05-23,2025-05-23,-26
2025-04-17,LQDA,13.720000267028809,2025-05-23,2025-05-23,-25
2025-04-21,LQDA,13.289999961853027,2025-05-23,2025-05-23,-24
2025-04-22,LQDA,13.489999771118164,2025-05-23,2025-05-23,-23
2025-04-23,LQDA,13.550000190734863,2025-05-23,2025-05-23,-22
2025-04-24,LQDA,14.029999732971191,2025-05-23,2025-05-23,-21
2025-04-25,LQDA,14.119999885559082,2025-05-23,2025-05-23,-20
2025-04-28,LQDA,14.229999542236328,2025-05-23,2025-05-23,-19
2025-04-29,LQDA,13.510000228881836,2025-05-23,2025-05-23,-18
2025-04-30,LQDA,13.970000267028809,2025-05-23,2025-05-23,-17
2025-05-01,LQDA,13.979999542236328,2025-05-23,2025-05-23,-16
2025-05-02,LQDA,15.829999923706056,2025-05-23,2025-05-23,-15
2025-05-05,LQDA,16.1200008392334,2025-05-23,2025-05-23,-14
2025-05-06,LQDA,15.539999961853027,2025-05-23,2025-05-23,-13
2025-05-07,LQDA,15.529999732971191,2025-05-23,2025-05-23,-12
2025-05-08,LQDA,15.350000381469728,2025-05-23,2025-05-23,-11
2025-05-09,LQDA,15.260000228881836,2025-05-23,2025-05-23,-10
2025-05-12,LQDA,15.75,2025-05-23,2025-05-23,-9
2025-05-13,LQDA,15.989999771118164,2025-05-23,2025-05-23,-8
2025-05-14,LQDA,18.649999618530273,2025-05-23,2025-05-23,-7
2025-05-15,LQDA,19.299999237060547,2025-05-23,2025-05-23,-6
2025-05-16,LQDA,18.8799991607666,2025-05-23,2025-05-23,-5
2025-05-19,LQDA,17.030000686645508,2025-05-23,2025-05-23,-4
2025-05-20,LQDA,17.020000457763672,2025-05-23,2025-05-23,-3
2025-05-21,LQDA,16.65999984741211,2025-05-23,2025-05-23,-2
2025-05-22,LQDA,15.5600004196167,2025-05-23,2025-05-23,-1
2025-05-23,LQDA,15.350000381469728,2025-05-23,2025-05-23,0
2025-05-27,LQDA,15.600000381469728,2025-05-23,2025-05-23,1
2025-05-28,LQDA,14.18000030517578,2025-05-23,2025-05-23,2
2025-05-29,LQDA,15.0,2025-05-23,2025-05-23,3
2025-05-30,LQDA,14.920000076293944,2025-05-23,2025-05-23,4
2025-06-02,LQDA,16.8700008392334,2025-05-23,2025-05-23,5
2025-06-03,LQDA,16.530000686645508,2025-05-23,2025-05-23,6
2025-06-04,LQDA,17.600000381469727,2025-05-23,2025-05-23,7
2025-06-05,LQDA,18.020000457763672,2025-05-23,2025-05-23,8
2025-06-06,LQDA,18.13999938964844,2025-05-23,2025-05-23,9
2025-06-09,LQDA,18.020000457763672,2025-05-23,2025-05-23,10
2025-06-10,LQDA,14.979999542236328,2025-05-23,2025-05-23,11
2025-06-11,LQDA,14.130000114440918,2025-05-23,2025-05-23,12
2025-06-12,LQDA,14.449999809265137,2025-05-23,2025-05-23,13
2025-06-13,LQDA,14.100000381469728,2025-05-23,2025-05-23,14
2025-06-16,LQDA,14.09000015258789,2025-05-23,2025-05-23,15
2025-06-17,LQDA,13.59000015258789,2025-05-23,2025-05-23,16
2025-06-18,LQDA,13.640000343322754,2025-05-23,2025-05-23,17
2025-06-20,LQDA,13.170000076293944,2025-05-23,2025-05-23,18
2025-06-23,LQDA,13.260000228881836,2025-05-23,2025-05-23,19
2025-06-24,LQDA,13.779999732971191,2025-05-23,2025-05-23,20
2025-06-25,LQDA,13.600000381469728,2025-05-23,2025-05-23,21
2025-06-26,LQDA,12.829999923706056,2025-05-23,2025-05-23,22
2025-06-27,LQDA,13.100000381469728,2025-05-23,2025-05-23,23
2025-06-30,LQDA,12.460000038146973,2025-05-23,2025-05-23,24
2025-07-01,LQDA,12.0,2025-05-23,2025-05-23,25
2025-07-02,LQDA,12.0600004196167,2025-05-23,2025-05-23,26
2025-07-03,LQDA,12.1899995803833,2025-05-23,2025-05-23,27
2025-07-07,LQDA,12.449999809265137,2025-05-23,2025-05-23,28
2025-07-08,LQDA,12.779999732971191,2025-05-23,2025-05-23,29
2025-07-09,LQDA,13.479999542236328,2025-05-23,2025-05-23,30
2025-04-14,ETON,13.720000267028809,2025-05-28,2025-05-28,-30
2025-04-15,ETON,14.1899995803833,2025-05-28,2025-05-28,-29
2025-04-16,ETON,14.079999923706056,2025-05-28,2025-05-28,-28
2025-04-17,ETON,14.34000015258789,2025-05-28,2025-05-28,-27
2025-04-21,ETON,14.260000228881836,2025-05-28,2025-05-28,-26
2025-04-22,ETON,15.039999961853027,2025-05-28,2025-05-28,-25
2025-04-23,ETON,15.479999542236328,2025-05-28,2025-05-28,-24
2025-04-24,ETON,15.789999961853027,2025-05-28,2025-05-28,-23
2025-04-25,ETON,15.81999969482422,2025-05-28,2025-05-28,-22
2025-04-28,ETON,15.979999542236328,2025-05-28,2025-05-28,-21
2025-04-29,ETON,16.489999771118164,2025-05-28,2025-05-28,-20
2025-04-30,ETON,16.850000381469727,2025-05-28,2025-05-28,-19
2025-05-01,ETON,16.969999313354492,2025-05-28,2025-05-28,-18
2025-05-02,ETON,17.34000015258789,2025-05-28,2025-05-28,-17
2025-05-05,ETON,16.969999313354492,2025-05-28,2025-05-28,-16
2025-05-06,ETON,16.6299991607666,2025-05-28,2025-05-28,-15
2025-05-07,ETON,17.229999542236328,2025-05-28,2025-05-28,-14
2025-05-08,ETON,17.329999923706055,2025-05-28,2025-05-28,-13
2025-05-09,ETON,16.790000915527344,2025-05-28,2025-05-28,-12
2025-05-12,ETON,17.350000381469727,2025-05-28,2025-05-28,-11
2025-05-13,ETON,17.06999969482422,2025-05-28,2025-05-28,-10
2025-05-14,ETON,17.1200008392334,2025-05-28,2025-05-28,-9
2025-05-15,ETON,19.700000762939453,2025-05-28,2025-05-28,-8
2025-05-16,ETON,18.93000030517578,2025-05-28,2025-05-28,-7
2025-05-19,ETON,19.56999969482422,2025-05-28,2025-05-28,-6
2025-05-20,ETON,19.600000381469727,2025-05-28,2025-05-28,-5
2025-05-21,ETON,20.239999771118164,2025-05-28,2025-05-28,-4
2025-05-22,ETON,20.25,2025-05-28,2025-05-28,-3
2025-05-23,ETON,19.809999465942383,2025-05-28,2025-05-28,-2
2025-05-27,ETON,20.040000915527344,2025-05-28,2025-05-28,-1
2025-05-28,ETON,20.079999923706055,2025-05-28,2025-05-28,0
2025-05-29,ETON,18.920000076293945,2025-05-28,2025-05-28,1
2025-05-30,ETON,18.88999938964844,2025-05-28,2025-05-28,2
2025-06-02,ETON,18.84000015258789,2025-05-28,2025-05-28,3
2025-06-03,ETON,17.280000686645508,2025-05-28,2025-05-28,4
2025-06-04,ETON,16.950000762939453,2025-05-28,2025-05-28,5
2025-06-05,ETON,17.25,2025-05-28,2025-05-28,6
2025-06-06,ETON,16.84000015258789,2025-05-28,2025-05-28,7
2025-06-09,ETON,15.850000381469728,2025-05-28,2025-05-28,8
2025-06-10,ETON,15.710000038146973,2025-05-28,2025-05-28,9
2025-06-11,ETON,15.09000015258789,2025-05-28,2025-05-28,10
2025-06-12,ETON,14.510000228881836,2025-05-28,2025-05-28,11
2025-06-13,ETON,14.300000190734863,2025-05-28,2025-05-28,12
2025-06-16,ETON,14.170000076293944,2025-05-28,2025-05-28,13
2025-06-17,ETON,13.609999656677246,2025-05-28,2025-05-28,14
2025-06-18,ETON,13.699999809265137,2025-05-28,2025-05-28,15
2025-06-20,ETON,13.56999969482422,2025-05-28,2025-05-28,16
2025-06-23,ETON,13.510000228881836,2025-05-28,2025-05-28,17
2025-06-24,ETON,13.59000015258789,2025-05-28,2025-05-28,18
2025-06-25,ETON,13.5,2025-05-28,2025-05-28,19
2025-06-26,ETON,13.960000038146973,2025-05-28,2025-05-28,20
2025-06-27,ETON,14.010000228881836,2025-05-28,2025-05-28,21
2025-06-30,ETON,14.25,2025-05-28,2025-05-28,22
2025-07-01,ETON,14.010000228881836,2025-05-28,2025-05-28,23
2025-07-02,ETON,14.479999542236328,2025-05-28,2025-05-28,24
2025-07-03,ETON,14.449999809265137,2025-05-28,2025-05-28,25
2025-07-07,ETON,14.390000343322754,2025-05-28,2025-05-28,26
2025-07-08,ETON,15.800000190734863,2025-05-28,2025-05-28,27
2025-07-09,ETON,15.770000457763672,2025-05-28,2025-05-28,28
2025-07-10,ETON,15.5600004196167,2025-05-28,2025-05-28,29
2025-07-11,ETON,14.489999771118164,2025-05-28,2025-05-28,30
2025-04-29,NUVB,2.180000066757202,2025-06-11,2025-06-11,-30
2025-04-30,NUVB,2.25,2025-06-11,2025-06-11,-29
2025-05-01,NUVB,2.2699999809265137,2025-06-11,2025-06-11,-28
2025-05-02,NUVB,2.4600000381469727,2025-06-11,2025-06-11,-27
2025-05-05,NUVB,2.380000114440918,2025-06-11,2025-06-11,-26
2025-05-06,NUVB,2.0899999141693115,2025-06-11,2025-06-11,-25
2025-05-07,NUVB,2.0399999618530273,2025-06-11,2025-06-11,-24
2025-05-08,NUVB,2.0999999046325684,2025-06-11,2025-06-11,-23
2025-05-09,NUVB,2.0899999141693115,2025-06-11,2025-06-11,-22
2025-05-12,NUVB,2.1500000953674316,2025-06-11,2025-06-11,-21
2025-05-13,NUVB,2.190000057220459,2025-06-11,2025-06-11,-20
2025-05-14,NUVB,2.1700000762939453,2025-06-11,2025-06-11,-19
2025-05-15,NUVB,2.240000009536743,2025-06-11,2025-06-11,-18
2025-05-16,NUVB,2.259999990463257,2025-06-11,2025-06-11,-17
2025-05-19,NUVB,2.299999952316284,2025-06-11,2025-06-11,-16
2025-05-20,NUVB,2.1700000762939453,2025-06-11,2025-06-11,-15
2025-05-21,NUVB,2.0299999713897705,2025-06-11,2025-06-11,-14
2025-05-22,NUVB,2.25,2025-06-11,2025-06-11,-13
2025-05-23,NUVB,2.299999952316284,2025-06-11,2025-06-11,-12
2025-05-27,NUVB,2.240000009536743,2025-06-11,2025-06-11,-11
2025-05-28,NUVB,2.200000047683716,2025-06-11,2025-06-11,-10
2025-05-29,NUVB,2.259999990463257,2025-06-11,2025-06-11,-9
2025-05-30,NUVB,2.119999885559082,2025-06-11,2025-06-11,-8
2025-06-02,NUVB,2.3399999141693115,2025-06-11,2025-06-11,-7
2025-06-03,NUVB,2.450000047683716,2025-06-11,2025-06-11,-6
2025-06-04,NUVB,2.450000047683716,2025-06-11,2025-06-11,-5
2025-06-05,NUVB,2.4800000190734863,2025-06-11,2025-06-11,-4
2025-06-06,NUVB,2.4800000190734863,2025-06-11,2025-06-11,-3
2025-06-09,NUVB,2.509999990463257,2025-06-11,2025-06-11,-2
2025-06-10,NUVB,2.5299999713897705,2025-06-11,2025-06-11,-1
2025-06-11,NUVB,2.200000047683716,2025-06-11,2025-06-11,0
2025-06-12,NUVB,1.809999942779541,2025-06-11,2025-06-11,1
2025-06-13,NUVB,1.7300000190734863,2025-06-11,2025-06-11,2
2025-06-16,NUVB,1.8600000143051147,2025-06-11,2025-06-11,3
2025-06-17,NUVB,1.7100000381469729,2025-06-11,2025-06-11,4
2025-06-18,NUVB,1.7899999618530271,2025-06-11,2025-06-11,5
2025-06-20,NUVB,1.9700000286102295,2025-06-11,2025-06-11,6
2025-06-23,NUVB,2.0299999713897705,2025-06-11,2025-06-11,7
2025-06-24,NUVB,2.049999952316284,2025-06-11,2025-06-11,8
2025-06-25,NUVB,1.8799999952316284,2025-06-11,2025-06-11,9
2025-06-26,NUVB,1.9700000286102295,2025-06-11,2025-06-11,10
2025-06-27,NUVB,1.9299999475479128,2025-06-11,2025-06-11,11
2025-06-30,NUVB,1.950000047683716,2025-06-11,2025-06-11,12
2025-07-01,NUVB,1.940000057220459,2025-06-11,2025-06-11,13
2025-07-02,NUVB,2.049999952316284,2025-06-11,2025-06-11,14
2025-07-03,NUVB,2.0899999141693115,2025-06-11,2025-06-11,15
2025-07-07,NUVB,2.0799999237060547,2025-06-11,2025-06-11,16
2025-07-08,NUVB,2.049999952316284,2025-06-11,2025-06-11,17
2025-07-09,NUVB,2.369999885559082,2025-06-11,2025-06-11,18
2025-07-10,NUVB,2.309999942779541,2025-06-11,2025-06-11,19
2025-07-11,NUVB,2.200000047683716,2025-06-11,2025-06-11,20
2025-07-14,NUVB,2.140000104904175,2025-06-11,2025-06-11,21
2025-07-15,NUVB,2.130000114440918,2025-06-11,2025-06-11,22
2025-07-16,NUVB,2.2300000190734863,2025-06-11,2025-06-11,23
2025-07-17,NUVB,2.240000009536743,2025-06-11,2025-06-11,24
2025-07-18,NUVB,2.299999952316284,2025-06-11,2025-06-11,25
2025-07-21,NUVB,2.3499999046325684,2025-06-11,2025-06-11,26
2025-07-22,NUVB,2.3499999046325684,2025-06-11,2025-06-11,27
2025-07-23,NUVB,2.559999942779541,2025-06-11,2025-06-11,28
2025-07-24,NUVB,2.509999990463257,2025-06-11,2025-06-11,29
2025-07-25,NUVB,2.5,2025-06-11,2025-06-11,30
2025-05-28,CAPR,10.649999618530272,2025-07-11,2025-07-11,-30
2025-05-29,CAPR,10.09000015258789,2025-07-11,2025-07-11,-29
2025-05-30,CAPR,9.890000343322754,2025-07-11,2025-07-11,-28
2025-06-02,CAPR,10.210000038146973,2025-07-11,2025-07-11,-27
2025-06-03,CAPR,11.149999618530272,2025-07-11,2025-07-11,-26
2025-06-04,CAPR,12.34000015258789,2025-07-11,2025-07-11,-25
2025-06-05,CAPR,13.18000030517578,2025-07-11,2025-07-11,-24
2025-06-06,CAPR,14.229999542236328,2025-07-11,2025-07-11,-23
2025-06-09,CAPR,13.380000114440918,2025-07-11,2025-07-11,-22
2025-06-10,CAPR,13.890000343322754,2025-07-11,2025-07-11,-21
2025-06-11,CAPR,13.140000343322754,2025-07-11,2025-07-11,-20
2025-06-12,CAPR,13.9399995803833,2025-07-11,2025-07-11,-19
2025-06-13,CAPR,11.779999732971191,2025-07-11,2025-07-11,-18
2025-06-16,CAPR,12.380000114440918,2025-07-11,2025-07-11,-17
2025-06-17,CAPR,12.1899995803833,2025-07-11,2025-07-11,-16
2025-06-18,CAPR,11.9399995803833,2025-07-11,2025-07-11,-15
2025-06-20,CAPR,8.260000228881836,2025-07-11,2025-07-11,-14
2025-06-23,CAPR,7.679999828338623,2025-07-11,2025-07-11,-13
2025-06-24,CAPR,9.25,2025-07-11,2025-07-11,-12
2025-06-25,CAPR,10.050000190734863,2025-07-11,2025-07-11,-11
2025-06-26,CAPR,10.18000030517578,2025-07-11,2025-07-11,-10
2025-06-27,CAPR,11.149999618530272,2025-07-11,2025-07-11,-9
2025-06-30,CAPR,9.93000030517578,2025-07-11,2025-07-11,-8
2025-07-01,CAPR,9.699999809265137,2025-07-11,2025-07-11,-7
2025-07-02,CAPR,10.020000457763672,2025-07-11,2025-07-11,-6
2025-07-03,CAPR,10.25,2025-07-11,2025-07-11,-5
2025-07-07,CAPR,9.899999618530272,2025-07-11,2025-07-11,-4
2025-07-08,CAPR,10.170000076293944,2025-07-11,2025-07-11,-3
2025-07-09,CAPR,11.420000076293944,2025-07-11,2025-07-11,-2
2025-07-10,CAPR,11.399999618530272,2025-07-11,2025-07-11,-1
2025-07-11,CAPR,7.639999866485596,2025-07-11,2025-07-11,0
2025-07-14,CAPR,7.389999866485596,2025-07-11,2025-07-11,1
2025-07-15,CAPR,7.179999828338623,2025-07-11,2025-07-11,2
2025-07-16,CAPR,7.239999771118164,2025-07-11,2025-07-11,3
2025-07-17,CAPR,7.159999847412109,2025-07-11,2025-07-11,4
2025-07-18,CAPR,6.880000114440918,2025-07-11,2025-07-11,5
2025-07-21,CAPR,6.269999980926514,2025-07-11,2025-07-11,6
2025-07-22,CAPR,6.519999980926514,2025-07-11,2025-07-11,7
2025-07-23,CAPR,6.820000171661377,2025-07-11,2025-07-11,8
2025-07-24,CAPR,6.480000019073486,2025-07-11,2025-07-11,9
2025-07-25,CAPR,7.059999942779541,2025-07-11,2025-07-11,10
2025-07-28,CAPR,6.789999961853027,2025-07-11,2025-07-11,11
2025-07-29,CAPR,6.739999771118164,2025-07-11,2025-07-11,12
2025-07-30,CAPR,8.180000305175781,2025-07-11,2025-07-11,13
2025-07-31,CAPR,8.180000305175781,2025-07-11,2025-07-11,14
2025-08-01,CAPR,7.900000095367432,2025-07-11,2025-07-11,15
2025-08-04,CAPR,7.679999828338623,2025-07-11,2025-07-11,16
2025-08-05,CAPR,7.670000076293945,2025-07-11,2025-07-11,17
2025-08-06,CAPR,7.739999771118164,2025-07-11,2025-07-11,18
2025-08-07,CAPR,8.069999694824219,2025-07-11,2025-07-11,19
2025-08-08,CAPR,9.06999969482422,2025-07-11,2025-07-11,20
2025-08-11,CAPR,7.820000171661377,2025-07-11,2025-07-11,21
2025-08-12,CAPR,8.039999961853027,2025-07-11,2025-07-11,22
2025-08-13,CAPR,8.300000190734863,2025-07-11,2025-07-11,23
2025-08-14,CAPR,7.78000020980835,2025-07-11,2025-07-11,24
2025-08-15,CAPR,7.960000038146973,2025-07-11,2025-07-11,25
2025-08-18,CAPR,7.699999809265137,2025-07-11,2025-07-11,26
2025-08-19,CAPR,7.670000076293945,2025-07-11,2025-07-11,27
2025-08-20,CAPR,7.170000076293945,2025-07-11,2025-07-11,28
2025-08-21,CAPR,7.019999980926514,2025-07-11,2025-07-11,29
2025-08-22,CAPR,7.099999904632568,2025-07-11,2025-07-11,30
2025-05-28,RARE,34.349998474121094,2025-07-11,2025-07-11,-30
2025-05-29,RARE,35.029998779296875,2025-07-11,2025-07-11,-29
2025-05-30,RARE,34.029998779296875,2025-07-11,2025-07-11,-28
2025-06-02,RARE,36.13999938964844,2025-07-11,2025-07-11,-27
2025-06-03,RARE,36.400001525878906,2025-07-11,2025-07-11,-26
2025-06-04,RARE,36.61000061035156,2025-07-11,2025-07-11,-25
2025-06-05,RARE,36.90999984741211,2025-07-11,2025-07-11,-24
2025-06-06,RARE,37.165000915527344,2025-07-11,2025-07-11,-23
2025-06-09,RARE,37.040000915527344,2025-07-11,2025-07-11,-22
2025-06-10,RARE,37.5099983215332,2025-07-11,2025-07-11,-21
2025-06-11,RARE,37.5099983215332,2025-07-11,2025-07-11,-20
2025-06-12,RARE,39.290000915527344,2025-07-11,2025-07-11,-19
2025-06-13,RARE,37.4900016784668,2025-07-11,2025-07-11,-18
2025-06-16,RARE,37.11000061035156,2025-07-11,2025-07-11,-17
2025-06-17,RARE,36.65999984741211,2025-07-11,2025-07-11,-16
2025-06-18,RARE,37.349998474121094,2025-07-11,2025-07-11,-15
2025-06-20,RARE,37.13999938964844,2025-07-11,2025-07-11,-14
2025-06-23,RARE,36.83000183105469,2025-07-11,2025-07-11,-13
2025-06-24,RARE,37.15999984741211,2025-07-11,2025-07-11,-12
2025-06-25,RARE,37.43000030517578,2025-07-11,2025-07-11,-11
2025-06-26,RARE,37.119998931884766,2025-07-11,2025-07-11,-10
2025-06-27,RARE,36.52000045776367,2025-07-11,2025-07-11,-9
2025-06-30,RARE,36.36000061035156,2025-07-11,2025-07-11,-8
2025-07-01,RARE,36.2599983215332,2025-07-11,2025-07-11,-7
2025-07-02,RARE,39.459999084472656,2025-07-11,2025-07-11,-6
2025-07-03,RARE,39.90999984741211,2025-07-11,2025-07-11,-5
2025-07-07,RARE,39.61000061035156,2025-07-11,2025-07-11,-4
2025-07-08,RARE,39.41999816894531,2025-07-11,2025-07-11,-3
2025-07-09,RARE,41.439998626708984,2025-07-11,2025-07-11,-2
2025-07-10,RARE,31.03499984741211,2025-07-11,2025-07-11,-1
2025-07-11,RARE,29.510000228881836,2025-07-11,2025-07-11,0
2025-07-14,RARE,29.229999542236328,2025-07-11,2025-07-11,1
2025-07-15,RARE,27.200000762939453,2025-07-11,2025-07-11,2
2025-07-16,RARE,27.309999465942383,2025-07-11,2025-07-11,3
2025-07-17,RARE,27.40999984741211,2025-07-11,2025-07-11,4
2025-07-18,RARE,26.309999465942383,2025-07-11,2025-07-11,5
2025-07-21,RARE,26.38999938964844,2025-07-11,2025-07-11,6
2025-07-22,RARE,26.440000534057617,2025-07-11,2025-07-11,7
2025-07-23,RARE,28.010000228881836,2025-07-11,2025-07-11,8
2025-07-24,RARE,27.299999237060547,2025-07-11,2025-07-11,9
2025-07-25,RARE,27.34000015258789,2025-07-11,2025-07-11,10
2025-07-28,RARE,27.61000061035156,2025-07-11,2025-07-11,11
2025-07-29,RARE,27.65999984741211,2025-07-11,2025-07-11,12
2025-07-30,RARE,27.13999938964844,2025-07-11,2025-07-11,13
2025-07-31,RARE,27.31999969482422,2025-07-11,2025-07-11,14
2025-08-01,RARE,28.440000534057617,2025-07-11,2025-07-11,15
2025-08-04,RARE,28.459999084472656,2025-07-11,2025-07-11,16
2025-08-05,RARE,28.920000076293945,2025-07-11,2025-07-11,17
2025-08-06,RARE,28.049999237060547,2025-07-11,2025-07-11,18
2025-08-07,RARE,27.829999923706055,2025-07-11,2025-07-11,19
2025-08-08,RARE,27.540000915527344,2025-07-11,2025-07-11,20
2025-08-11,RARE,27.38999938964844,2025-07-11,2025-07-11,21
2025-08-12,RARE,28.11000061035156,2025-07-11,2025-07-11,22
2025-08-13,RARE,28.969999313354492,2025-07-11,2025-07-11,23
2025-08-14,RARE,29.010000228881836,2025-07-11,2025-07-11,24
2025-08-15,RARE,29.690000534057617,2025-07-11,2025-07-11,25
2025-08-18,RARE,29.700000762939453,2025-07-11,2025-07-11,26
2025-08-19,RARE,29.1200008392334,2025-07-11,2025-07-11,27
2025-08-20,RARE,29.36000061035156,2025-07-11,2025-07-11,28
2025-08-21,RARE,29.520000457763672,2025-07-11,2025-07-11,29
2025-08-22,RARE,29.780000686645508,2025-07-11,2025-07-11,30
2025-06-12,ASND,170.9199981689453,2025-07-28,2025-07-28,-30
2025-06-13,ASND,170.8000030517578,2025-07-28,2025-07-28,-29
2025-06-16,ASND,177.7100067138672,2025-07-28,2025-07-28,-28
2025-06-17,ASND,172.89999389648438,2025-07-28,2025-07-28,-27
2025-06-18,ASND,170.7100067138672,2025-07-28,2025-07-28,-26
2025-06-20,ASND,176.89999389648438,2025-07-28,2025-07-28,-25
2025-06-23,ASND,175.77999877929688,2025-07-28,2025-07-28,-24
2025-06-24,ASND,179.10000610351562,2025-07-28,2025-07-28,-23
2025-06-25,ASND,173.0,2025-07-28,2025-07-28,-22
2025-06-26,ASND,172.9499969482422,2025-07-28,2025-07-28,-21
2025-06-27,ASND,172.22000122070312,2025-07-28,2025-07-28,-20
2025-06-30,ASND,172.60000610351562,2025-07-28,2025-07-28,-19
2025-07-01,ASND,172.0,2025-07-28,2025-07-28,-18
2025-07-02,ASND,173.10000610351562,2025-07-28,2025-07-28,-17
2025-07-03,ASND,174.17999267578125,2025-07-28,2025-07-28,-16
2025-07-07,ASND,175.97999572753906,2025-07-28,2025-07-28,-15
2025-07-08,ASND,168.1699981689453,2025-07-28,2025-07-28,-14
2025-07-09,ASND,175.7100067138672,2025-07-28,2025-07-28,-13
2025-07-10,ASND,176.49000549316406,2025-07-28,2025-07-28,-12
2025-07-11,ASND,174.9600067138672,2025-07-28,2025-07-28,-11
2025-07-14,ASND,174.88499450683594,2025-07-28,2025-07-28,-10
2025-07-15,ASND,174.75,2025-07-28,2025-07-28,-9
2025-07-16,ASND,175.39999389648438,2025-07-28,2025-07-28,-8
2025-07-17,ASND,177.1999969482422,2025-07-28,2025-07-28,-7
2025-07-18,ASND,169.89999389648438,2025-07-28,2025-07-28,-6
2025-07-21,ASND,168.02000427246094,2025-07-28,2025-07-28,-5
2025-07-22,ASND,165.5399932861328,2025-07-28,2025-07-28,-4
2025-07-23,ASND,170.13999938964844,2025-07-28,2025-07-28,-3
2025-07-24,ASND,168.30999755859375,2025-07-28,2025-07-28,-2
2025-07-25,ASND,167.47000122070312,2025-07-28,2025-07-28,-1
2025-07-28,ASND,164.16000366210938,2025-07-28,2025-07-28,0
2025-07-29,ASND,163.32000732421875,2025-07-28,2025-07-28,1
2025-07-30,ASND,166.77999877929688,2025-07-28,2025-07-28,2
2025-07-31,ASND,173.5,2025-07-28,2025-07-28,3
2025-08-01,ASND,174.47999572753906,2025-07-28,2025-07-28,4
2025-08-04,ASND,184.1499938964844,2025-07-28,2025-07-28,5
2025-08-05,ASND,186.58999633789065,2025-07-28,2025-07-28,6
2025-08-06,ASND,182.6000061035156,2025-07-28,2025-07-28,7
2025-08-07,ASND,190.3500061035156,2025-07-28,2025-07-28,8
2025-08-08,ASND,191.4900054931641,2025-07-28,2025-07-28,9
2025-08-11,ASND,195.97000122070312,2025-07-28,2025-07-28,10
2025-08-12,ASND,195.97999572753903,2025-07-28,2025-07-28,11
2025-08-13,ASND,191.0800018310547,2025-07-28,2025-07-28,12
2025-08-14,ASND,192.0399932861328,2025-07-28,2025-07-28,13
2025-08-15,ASND,198.32000732421875,2025-07-28,2025-07-28,14
2025-08-18,ASND,194.0800018310547,2025-07-28,2025-07-28,15
2025-08-19,ASND,194.6199951171875,2025-07-28,2025-07-28,16
2025-08-20,ASND,192.7949981689453,2025-07-28,2025-07-28,17
2025-08-21,ASND,192.8000030517578,2025-07-28,2025-07-28,18
2025-08-22,ASND,194.3000030517578,2025-07-28,2025-07-28,19
2025-08-25,ASND,190.3699951171875,2025-07-28,2025-07-28,20
2025-08-26,ASND,196.66000366210935,2025-07-28,2025-07-28,21
2025-08-27,ASND,193.0099945068359,2025-07-28,2025-07-28,22
2025-08-28,ASND,193.8999938964844,2025-07-28,2025-07-28,23
2025-08-29,ASND,194.27000427246097,2025-07-28,2025-07-28,24
2025-09-02,ASND,199.16000366210935,2025-07-28,2025-07-28,25
2025-09-03,ASND,200.02000427246097,2025-07-28,2025-07-28,26
2025-09-04,ASND,198.1300048828125,2025-07-28,2025-07-28,27
2025-09-05,ASND,205.91000366210935,2025-07-28,2025-07-28,28
2025-09-08,ASND,205.22000122070312,2025-07-28,2025-07-28,29
2025-09-09,ASND,202.90499877929688,2025-07-28,2025-07-28,30
2025-06-12,APLS,19.260000228881836,2025-07-28,2025-07-28,-30
2025-06-13,APLS,18.829999923706055,2025-07-28,2025-07-28,-29
2025-06-16,APLS,18.299999237060547,2025-07-28,2025-07-28,-28
2025-06-17,APLS,17.760000228881836,2025-07-28,2025-07-28,-27
2025-06-18,APLS,17.760000228881836,2025-07-28,2025-07-28,-26
2025-06-20,APLS,17.690000534057617,2025-07-28,2025-07-28,-25
2025-06-23,APLS,17.6200008392334,2025-07-28,2025-07-28,-24
2025-06-24,APLS,18.61000061035156,2025-07-28,2025-07-28,-23
2025-06-25,APLS,18.38999938964844,2025-07-28,2025-07-28,-22
2025-06-26,APLS,18.399999618530273,2025-07-28,2025-07-28,-21
2025-06-27,APLS,17.43000030517578,2025-07-28,2025-07-28,-20
2025-06-30,APLS,17.309999465942383,2025-07-28,2025-07-28,-19
2025-07-01,APLS,17.8700008392334,2025-07-28,2025-07-28,-18
2025-07-02,APLS,17.81999969482422,2025-07-28,2025-07-28,-17
2025-07-03,APLS,18.260000228881836,2025-07-28,2025-07-28,-16
2025-07-07,APLS,17.420000076293945,2025-07-28,2025-07-28,-15
2025-07-08,APLS,17.889999389648438,2025-07-28,2025-07-28,-14
2025-07-09,APLS,19.209999084472656,2025-07-28,2025-07-28,-13
2025-07-10,APLS,19.530000686645508,2025-07-28,2025-07-28,-12
2025-07-11,APLS,19.440000534057617,2025-07-28,2025-07-28,-11
2025-07-14,APLS,19.90999984741211,2025-07-28,2025-07-28,-10
2025-07-15,APLS,19.350000381469727,2025-07-28,2025-07-28,-9
2025-07-16,APLS,19.75,2025-07-28,2025-07-28,-8
2025-07-17,APLS,20.040000915527344,2025-07-28,2025-07-28,-7
2025-07-18,APLS,19.469999313354492,2025-07-28,2025-07-28,-6
2025-07-21,APLS,19.280000686645508,2025-07-28,2025-07-28,-5
2025-07-22,APLS,19.88999938964844,2025-07-28,2025-07-28,-4
2025-07-23,APLS,19.899999618530273,2025-07-28,2025-07-28,-3
2025-07-24,APLS,20.09000015258789,2025-07-28,2025-07-28,-2
2025-07-25,APLS,19.59000015258789,2025-07-28,2025-07-28,-1
2025-07-28,APLS,18.75,2025-07-28,2025-07-28,0
2025-07-29,APLS,18.950000762939453,2025-07-28,2025-07-28,1
2025-07-30,APLS,19.0,2025-07-28,2025-07-28,2
2025-07-31,APLS,22.34000015258789,2025-07-28,2025-07-28,3
2025-08-01,APLS,22.950000762939453,2025-07-28,2025-07-28,4
2025-08-04,APLS,24.260000228881836,2025-07-28,2025-07-28,5
2025-08-05,APLS,24.200000762939453,2025-07-28,2025-07-28,6
2025-08-06,APLS,23.729999542236328,2025-07-28,2025-07-28,7
2025-08-07,APLS,24.329999923706055,2025-07-28,2025-07-28,8
2025-08-08,APLS,24.3700008392334,2025-07-28,2025-07-28,9
2025-08-11,APLS,23.850000381469727,2025-07-28,2025-07-28,10
2025-08-12,APLS,23.899999618530273,2025-07-28,2025-07-28,11
2025-08-13,APLS,26.579999923706055,2025-07-28,2025-07-28,12
2025-08-14,APLS,27.6200008392334,2025-07-28,2025-07-28,13
2025-08-15,APLS,27.75,2025-07-28,2025-07-28,14
2025-08-18,APLS,27.350000381469727,2025-07-28,2025-07-28,15
2025-08-19,APLS,26.684999465942383,2025-07-28,2025-07-28,16
2025-08-20,APLS,26.579999923706055,2025-07-28,2025-07-28,17
2025-08-21,APLS,27.6200008392334,2025-07-28,2025-07-28,18
2025-08-22,APLS,27.969999313354492,2025-07-28,2025-07-28,19
2025-08-25,APLS,27.520000457763672,2025-07-28,2025-07-28,20
2025-08-26,APLS,27.93000030517578,2025-07-28,2025-07-28,21
2025-08-27,APLS,28.219999313354492,2025-07-28,2025-07-28,22
2025-08-28,APLS,28.049999237060547,2025-07-28,2025-07-28,23
2025-08-29,APLS,27.56999969482422,2025-07-28,2025-07-28,24
2025-09-02,APLS,28.170000076293945,2025-07-28,2025-07-28,25
2025-09-03,APLS,27.799999237060547,2025-07-28,2025-07-28,26
2025-09-04,APLS,28.649999618530273,2025-07-28,2025-07-28,27
2025-09-05,APLS,28.1299991607666,2025-07-28,2025-07-28,28
2025-09-08,APLS,26.90999984741211,2025-07-28,2025-07-28,29
2025-09-09,APLS,26.84000015258789,2025-07-28,2025-07-28,30
2025-06-12,PTCT,50.97999954223633,2025-07-28,2025-07-28,-30
2025-06-13,PTCT,51.2599983215332,2025-07-28,2025-07-28,-29
2025-06-16,PTCT,51.869998931884766,2025-07-28,2025-07-28,-28
2025-06-17,PTCT,50.849998474121094,2025-07-28,2025-07-28,-27
2025-06-18,PTCT,50.43000030517578,2025-07-28,2025-07-28,-26
2025-06-20,PTCT,50.20000076293945,2025-07-28,2025-07-28,-25
2025-06-23,PTCT,49.599998474121094,2025-07-28,2025-07-28,-24
2025-06-24,PTCT,49.619998931884766,2025-07-28,2025-07-28,-23
2025-06-25,PTCT,48.88999938964844,2025-07-28,2025-07-28,-22
2025-06-26,PTCT,49.54999923706055,2025-07-28,2025-07-28,-21
2025-06-27,PTCT,49.84000015258789,2025-07-28,2025-07-28,-20
2025-06-30,PTCT,48.84000015258789,2025-07-28,2025-07-28,-19
2025-07-01,PTCT,48.59000015258789,2025-07-28,2025-07-28,-18
2025-07-02,PTCT,49.150001525878906,2025-07-28,2025-07-28,-17
2025-07-03,PTCT,49.06999969482422,2025-07-28,2025-07-28,-16
2025-07-07,PTCT,47.97999954223633,2025-07-28,2025-07-28,-15
2025-07-08,PTCT,47.650001525878906,2025-07-28,2025-07-28,-14
2025-07-09,PTCT,48.7400016784668,2025-07-28,2025-07-28,-13
2025-07-10,PTCT,49.52000045776367,2025-07-28,2025-07-28,-12
2025-07-11,PTCT,48.54999923706055,2025-07-28,2025-07-28,-11
2025-07-14,PTCT,49.459999084472656,2025-07-28,2025-07-28,-10
2025-07-15,PTCT,47.75,2025-07-28,2025-07-28,-9
2025-07-16,PTCT,48.13999938964844,2025-07-28,2025-07-28,-8
2025-07-17,PTCT,48.529998779296875,2025-07-28,2025-07-28,-7
2025-07-18,PTCT,47.630001068115234,2025-07-28,2025-07-28,-6
2025-07-21,PTCT,47.86000061035156,2025-07-28,2025-07-28,-5
2025-07-22,PTCT,46.38999938964844,2025-07-28,2025-07-28,-4
2025-07-23,PTCT,47.08000183105469,2025-07-28,2025-07-28,-3
2025-07-24,PTCT,46.31999969482422,2025-07-28,2025-07-28,-2
2025-07-25,PTCT,44.7400016784668,2025-07-28,2025-07-28,-1
2025-07-28,PTCT,44.34000015258789,2025-07-28,2025-07-28,0
2025-07-29,PTCT,49.290000915527344,2025-07-28,2025-07-28,1
2025-07-30,PTCT,50.939998626708984,2025-07-28,2025-07-28,2
2025-07-31,PTCT,52.11000061035156,2025-07-28,2025-07-28,3
2025-08-01,PTCT,52.130001068115234,2025-07-28,2025-07-28,4
2025-08-04,PTCT,52.25,2025-07-28,2025-07-28,5
2025-08-05,PTCT,51.11000061035156,2025-07-28,2025-07-28,6
2025-08-06,PTCT,51.36000061035156,2025-07-28,2025-07-28,7
2025-08-07,PTCT,50.36000061035156,2025-07-28,2025-07-28,8
2025-08-08,PTCT,45.380001068115234,2025-07-28,2025-07-28,9
2025-08-11,PTCT,43.29999923706055,2025-07-28,2025-07-28,10
2025-08-12,PTCT,45.27000045776367,2025-07-28,2025-07-28,11
2025-08-13,PTCT,48.16999816894531,2025-07-28,2025-07-28,12
2025-08-14,PTCT,48.70000076293945,2025-07-28,2025-07-28,13
2025-08-15,PTCT,48.81999969482422,2025-07-28,2025-07-28,14
2025-08-18,PTCT,49.79999923706055,2025-07-28,2025-07-28,15
2025-08-19,PTCT,49.59000015258789,2025-07-28,2025-07-28,16
2025-08-20,PTCT,48.849998474121094,2025-07-28,2025-07-28,17
2025-08-21,PTCT,48.91999816894531,2025-07-28,2025-07-28,18
2025-08-22,PTCT,50.56999969482422,2025-07-28,2025-07-28,19
2025-08-25,PTCT,49.29999923706055,2025-07-28,2025-07-28,20
2025-08-26,PTCT,49.459999084472656,2025-07-28,2025-07-28,21
2025-08-27,PTCT,49.779998779296875,2025-07-28,2025-07-28,22
2025-08-28,PTCT,49.790000915527344,2025-07-28,2025-07-28,23
2025-08-29,PTCT,49.33000183105469,2025-07-28,2025-07-28,24
2025-09-02,PTCT,52.43000030517578,2025-07-28,2025-07-28,25
2025-09-03,PTCT,55.54999923706055,2025-07-28,2025-07-28,26
2025-09-04,PTCT,58.0099983215332,2025-07-28,2025-07-28,27
2025-09-05,PTCT,57.2599983215332,2025-07-28,2025-07-28,28
2025-09-08,PTCT,56.95000076293945,2025-07-28,2025-07-28,29
2025-09-09,PTCT,58.41999816894531,2025-07-28,2025-07-28,30
2025-06-24,JAZZ,108.11000061035156,2025-08-06,2025-08-06,-30
2025-06-25,JAZZ,107.12000274658205,2025-08-06,2025-08-06,-29
2025-06-26,JAZZ,107.51000213623048,2025-08-06,2025-08-06,-28
2025-06-27,JAZZ,106.9000015258789,2025-08-06,2025-08-06,-27
2025-06-30,JAZZ,106.12000274658205,2025-08-06,2025-08-06,-26
2025-07-01,JAZZ,109.44000244140624,2025-08-06,2025-08-06,-25
2025-07-02,JAZZ,109.91999816894533,2025-08-06,2025-08-06,-24
2025-07-03,JAZZ,109.4499969482422,2025-08-06,2025-08-06,-23
2025-07-07,JAZZ,107.5999984741211,2025-08-06,2025-08-06,-22
2025-07-08,JAZZ,109.12999725341795,2025-08-06,2025-08-06,-21
2025-07-09,JAZZ,111.5999984741211,2025-08-06,2025-08-06,-20
2025-07-10,JAZZ,112.4800033569336,2025-08-06,2025-08-06,-19
2025-07-11,JAZZ,110.2699966430664,2025-08-06,2025-08-06,-18
2025-07-14,JAZZ,111.44000244140624,2025-08-06,2025-08-06,-17
2025-07-15,JAZZ,112.3000030517578,2025-08-06,2025-08-06,-16
2025-07-16,JAZZ,116.08000183105467,2025-08-06,2025-08-06,-15
2025-07-17,JAZZ,114.86000061035156,2025-08-06,2025-08-06,-14
2025-07-18,JAZZ,112.87000274658205,2025-08-06,2025-08-06,-13
2025-07-21,JAZZ,112.6500015258789,2025-08-06,2025-08-06,-12
2025-07-22,JAZZ,116.33999633789062,2025-08-06,2025-08-06,-11
2025-07-23,JAZZ,117.33999633789062,2025-08-06,2025-08-06,-10
2025-07-24,JAZZ,118.01000213623048,2025-08-06,2025-08-06,-9
2025-07-25,JAZZ,118.2300033569336,2025-08-06,2025-08-06,-8
2025-07-28,JAZZ,117.37999725341795,2025-08-06,2025-08-06,-7
2025-07-29,JAZZ,116.5999984741211,2025-08-06,2025-08-06,-6
2025-07-30,JAZZ,116.12000274658205,2025-08-06,2025-08-06,-5
2025-07-31,JAZZ,114.62999725341795,2025-08-06,2025-08-06,-4
2025-08-01,JAZZ,115.5199966430664,2025-08-06,2025-08-06,-3
2025-08-04,JAZZ,116.0999984741211,2025-08-06,2025-08-06,-2
2025-08-05,JAZZ,113.1999969482422,2025-08-06,2025-08-06,-1
2025-08-06,JAZZ,105.93000030517578,2025-08-06,2025-08-06,0
2025-08-07,JAZZ,112.08000183105467,2025-08-06,2025-08-06,1
2025-08-08,JAZZ,111.3000030517578,2025-08-06,2025-08-06,2
2025-08-11,JAZZ,110.75,2025-08-06,2025-08-06,3
2025-08-12,JAZZ,113.33000183105467,2025-08-06,2025-08-06,4
2025-08-13,JAZZ,117.12000274658205,2025-08-06,2025-08-06,5
2025-08-14,JAZZ,116.66999816894533,2025-08-06,2025-08-06,6
2025-08-15,JAZZ,117.7699966430664,2025-08-06,2025-08-06,7
2025-08-18,JAZZ,117.66999816894533,2025-08-06,2025-08-06,8
2025-08-19,JAZZ,119.1999969482422,2025-08-06,2025-08-06,9
2025-08-20,JAZZ,119.06999969482422,2025-08-06,2025-08-06,10
2025-08-21,JAZZ,120.52999877929688,2025-08-06,2025-08-06,11
2025-08-22,JAZZ,123.11000061035156,2025-08-06,2025-08-06,12
2025-08-25,JAZZ,124.58999633789062,2025-08-06,2025-08-06,13
2025-08-26,JAZZ,125.0,2025-08-06,2025-08-06,14
2025-08-27,JAZZ,124.43000030517578,2025-08-06,2025-08-06,15
2025-08-28,JAZZ,126.12999725341795,2025-08-06,2025-08-06,16
2025-08-29,JAZZ,127.75,2025-08-06,2025-08-06,17
2025-09-02,JAZZ,129.66000366210938,2025-08-06,2025-08-06,18
2025-09-03,JAZZ,131.72000122070312,2025-08-06,2025-08-06,19
2025-09-04,JAZZ,128.02000427246094,2025-08-06,2025-08-06,20
2025-09-05,JAZZ,129.5,2025-08-06,2025-08-06,21
2025-09-08,JAZZ,129.85000610351562,2025-08-06,2025-08-06,22
2025-09-09,JAZZ,128.52999877929688,2025-08-06,2025-08-06,23
2025-09-10,JAZZ,126.9000015258789,2025-08-06,2025-08-06,24
2025-09-11,JAZZ,128.4600067138672,2025-08-06,2025-08-06,25
2025-09-12,JAZZ,126.16000366210938,2025-08-06,2025-08-06,26
2025-09-15,JAZZ,125.22000122070312,2025-08-06,2025-08-06,27
2025-09-16,JAZZ,126.54000091552734,2025-08-06,2025-08-06,28
2025-09-17,JAZZ,129.5399932861328,2025-08-06,2025-08-06,29
2025-09-18,JAZZ,131.19000244140625,2025-08-06,2025-08-06,30
2025-07-03,PGEN,1.6200000047683716,2025-08-15,2025-08-15,-30
2025-07-07,PGEN,1.590000033378601,2025-08-15,2025-08-15,-29
2025-07-08,PGEN,1.7000000476837158,2025-08-15,2025-08-15,-28
2025-07-09,PGEN,1.899999976158142,2025-08-15,2025-08-15,-27
2025-07-10,PGEN,1.909999966621399,2025-08-15,2025-08-15,-26
2025-07-11,PGEN,1.830000042915344,2025-08-15,2025-08-15,-25
2025-07-14,PGEN,1.950000047683716,2025-08-15,2025-08-15,-24
2025-07-15,PGEN,1.850000023841858,2025-08-15,2025-08-15,-23
2025-07-16,PGEN,1.840000033378601,2025-08-15,2025-08-15,-22
2025-07-17,PGEN,1.8200000524520872,2025-08-15,2025-08-15,-21
2025-07-18,PGEN,1.7599999904632568,2025-08-15,2025-08-15,-20
2025-07-21,PGEN,1.830000042915344,2025-08-15,2025-08-15,-19
2025-07-22,PGEN,1.5199999809265137,2025-08-15,2025-08-15,-18
2025-07-23,PGEN,1.659999966621399,2025-08-15,2025-08-15,-17
2025-07-24,PGEN,1.600000023841858,2025-08-15,2025-08-15,-16
2025-07-25,PGEN,1.5700000524520874,2025-08-15,2025-08-15,-15
2025-07-28,PGEN,1.5800000429153442,2025-08-15,2025-08-15,-14
2025-07-29,PGEN,1.5700000524520874,2025-08-15,2025-08-15,-13
2025-07-30,PGEN,1.7300000190734863,2025-08-15,2025-08-15,-12
2025-07-31,PGEN,1.7100000381469729,2025-08-15,2025-08-15,-11
2025-08-01,PGEN,1.6699999570846558,2025-08-15,2025-08-15,-10
2025-08-04,PGEN,1.7599999904632568,2025-08-15,2025-08-15,-9
2025-08-05,PGEN,1.9299999475479128,2025-08-15,2025-08-15,-8
2025-08-06,PGEN,1.830000042915344,2025-08-15,2025-08-15,-7
2025-08-07,PGEN,1.8799999952316284,2025-08-15,2025-08-15,-6
2025-08-08,PGEN,1.7799999713897705,2025-08-15,2025-08-15,-5
2025-08-11,PGEN,1.7400000095367432,2025-08-15,2025-08-15,-4
2025-08-12,PGEN,1.7999999523162842,2025-08-15,2025-08-15,-3
2025-08-13,PGEN,1.909999966621399,2025-08-15,2025-08-15,-2
2025-08-14,PGEN,1.850000023841858,2025-08-15,2025-08-15,-1
2025-08-15,PGEN,2.940000057220459,2025-08-15,2025-08-15,0
2025-08-18,PGEN,2.950000047683716,2025-08-15,2025-08-15,1
2025-08-19,PGEN,3.2200000286102295,2025-08-15,2025-08-15,2
2025-08-20,PGEN,3.2100000381469727,2025-08-15,2025-08-15,3
2025-08-21,PGEN,3.640000104904175,2025-08-15,2025-08-15,4
2025-08-22,PGEN,4.179999828338623,2025-08-15,2025-08-15,5
2025-08-25,PGEN,3.9800000190734863,2025-08-15,2025-08-15,6
2025-08-26,PGEN,4.260000228881836,2025-08-15,2025-08-15,7
2025-08-27,PGEN,4.590000152587891,2025-08-15,2025-08-15,8
2025-08-28,PGEN,4.550000190734863,2025-08-15,2025-08-15,9
2025-08-29,PGEN,4.510000228881836,2025-08-15,2025-08-15,10
2025-09-02,PGEN,4.760000228881836,2025-08-15,2025-08-15,11
2025-09-03,PGEN,4.75,2025-08-15,2025-08-15,12
2025-09-04,PGEN,4.559999942779541,2025-08-15,2025-08-15,13
2025-09-05,PGEN,4.360000133514404,2025-08-15,2025-08-15,14
2025-09-08,PGEN,4.159999847412109,2025-08-15,2025-08-15,15
2025-09-09,PGEN,4.130000114440918,2025-08-15,2025-08-15,16
2025-09-10,PGEN,4.079999923706055,2025-08-15,2025-08-15,17
2025-09-11,PGEN,4.139999866485596,2025-08-15,2025-08-15,18
2025-09-12,PGEN,3.7899999618530273,2025-08-15,2025-08-15,19
2025-09-15,PGEN,3.5899999141693115,2025-08-15,2025-08-15,20
2025-09-16,PGEN,3.890000104904175,2025-08-15,2025-08-15,21
2025-09-17,PGEN,3.819999933242798,2025-08-15,2025-08-15,22
2025-09-18,PGEN,3.799999952316284,2025-08-15,2025-08-15,23
2025-09-19,PGEN,3.75,2025-08-15,2025-08-15,24
2025-09-22,PGEN,3.849999904632568,2025-08-15,2025-08-15,25
2025-09-23,PGEN,3.7100000381469727,2025-08-15,2025-08-15,26
2025-09-24,PGEN,3.859999895095825,2025-08-15,2025-08-15,27
2025-09-25,PGEN,3.490000009536743,2025-08-15,2025-08-15,28
2025-09-26,PGEN,3.509999990463257,2025-08-15,2025-08-15,29
2025-09-29,PGEN,3.630000114440918,2025-08-15,2025-08-15,30
2025-07-10,IONS,42.380001068115234,2025-08-21,2025-08-21,-30
2025-07-11,IONS,41.72999954223633,2025-08-21,2025-08-21,-29
2025-07-14,IONS,42.54999923706055,2025-08-21,2025-08-21,-28
2025-07-15,IONS,42.0,2025-08-21,2025-08-21,-27
2025-07-16,IONS,42.77000045776367,2025-08-21,2025-08-21,-26
2025-07-17,IONS,42.16999816894531,2025-08-21,2025-08-21,-25
2025-07-18,IONS,41.7599983215332,2025-08-21,2025-08-21,-24
2025-07-21,IONS,41.54999923706055,2025-08-21,2025-08-21,-23
2025-07-22,IONS,41.95000076293945,2025-08-21,2025-08-21,-22
2025-07-23,IONS,42.380001068115234,2025-08-21,2025-08-21,-21
2025-07-24,IONS,42.150001525878906,2025-08-21,2025-08-21,-20
2025-07-25,IONS,42.25,2025-08-21,2025-08-21,-19
2025-07-28,IONS,41.16999816894531,2025-08-21,2025-08-21,-18
2025-07-29,IONS,41.47999954223633,2025-08-21,2025-08-21,-17
2025-07-30,IONS,43.369998931884766,2025-08-21,2025-08-21,-16
2025-07-31,IONS,42.97999954223633,2025-08-21,2025-08-21,-15
2025-08-01,IONS,43.029998779296875,2025-08-21,2025-08-21,-14
2025-08-04,IONS,43.45000076293945,2025-08-21,2025-08-21,-13
2025-08-05,IONS,43.04999923706055,2025-08-21,2025-08-21,-12
2025-08-06,IONS,40.689998626708984,2025-08-21,2025-08-21,-11
2025-08-07,IONS,41.04999923706055,2025-08-21,2025-08-21,-10
2025-08-08,IONS,41.63999938964844,2025-08-21,2025-08-21,-9
2025-08-11,IONS,40.84000015258789,2025-08-21,2025-08-21,-8
2025-08-12,IONS,41.40999984741211,2025-08-21,2025-08-21,-7
2025-08-13,IONS,43.099998474121094,2025-08-21,2025-08-21,-6
2025-08-14,IONS,42.849998474121094,2025-08-21,2025-08-21,-5
2025-08-15,IONS,43.779998779296875,2025-08-21,2025-08-21,-4
2025-08-18,IONS,43.43000030517578,2025-08-21,2025-08-21,-3
2025-08-19,IONS,42.47999954223633,2025-08-21,2025-08-21,-2
2025-08-20,IONS,42.810001373291016,2025-08-21,2025-08-21,-1
2025-08-21,IONS,43.2400016784668,2025-08-21,2025-08-21,0
2025-08-22,IONS,42.689998626708984,2025-08-21,2025-08-21,1
2025-08-25,IONS,41.81999969482422,2025-08-21,2025-08-21,2
2025-08-26,IONS,42.16999816894531,2025-08-21,2025-08-21,3
2025-08-27,IONS,42.75,2025-08-21,2025-08-21,4
2025-08-28,IONS,42.619998931884766,2025-08-21,2025-08-21,5
2025-08-29,IONS,42.63999938964844,2025-08-21,2025-08-21,6
2025-09-02,IONS,57.4900016784668,2025-08-21,2025-08-21,7
2025-09-03,IONS,60.4900016784668,2025-08-21,2025-08-21,8
2025-09-04,IONS,59.349998474121094,2025-08-21,2025-08-21,9
2025-09-05,IONS,61.22999954223633,2025-08-21,2025-08-21,10
2025-09-08,IONS,61.0,2025-08-21,2025-08-21,11
2025-09-09,IONS,64.4000015258789,2025-08-21,2025-08-21,12
2025-09-10,IONS,64.0,2025-08-21,2025-08-21,13
2025-09-11,IONS,64.04000091552734,2025-08-21,2025-08-21,14
2025-09-12,IONS,63.15999984741211,2025-08-21,2025-08-21,15
2025-09-15,IONS,61.099998474121094,2025-08-21,2025-08-21,16
2025-09-16,IONS,61.31999969482422,2025-08-21,2025-08-21,17
2025-09-17,IONS,61.16999816894531,2025-08-21,2025-08-21,18
2025-09-18,IONS,61.7400016784668,2025-08-21,2025-08-21,19
2025-09-19,IONS,61.0099983215332,2025-08-21,2025-08-21,20
2025-09-22,IONS,61.36000061035156,2025-08-21,2025-08-21,21
2025-09-23,IONS,62.56999969482422,2025-08-21,2025-08-21,22
2025-09-24,IONS,63.939998626708984,2025-08-21,2025-08-21,23
2025-09-25,IONS,62.970001220703125,2025-08-21,2025-08-21,24
2025-09-26,IONS,64.08999633789062,2025-08-21,2025-08-21,25
2025-09-29,IONS,64.1500015258789,2025-08-21,2025-08-21,26
2025-09-30,IONS,65.41999816894531,2025-08-21,2025-08-21,27
2025-10-01,IONS,65.80000305175781,2025-08-21,2025-08-21,28
2025-10-02,IONS,68.4000015258789,2025-08-21,2025-08-21,29
2025-10-03,IONS,69.1500015258789,2025-08-21,2025-08-21,30
2025-08-11,SRRK,31.459999084472656,2025-09-23,2025-09-23,-30
2025-08-12,SRRK,32.20000076293945,2025-09-23,2025-09-23,-29
2025-08-13,SRRK,31.979999542236328,2025-09-23,2025-09-23,-28
2025-08-14,SRRK,32.290000915527344,2025-09-23,2025-09-23,-27
2025-08-15,SRRK,31.40999984741211,2025-09-23,2025-09-23,-26
2025-08-18,SRRK,31.520000457763672,2025-09-23,2025-09-23,-25
2025-08-19,SRRK,30.1200008392334,2025-09-23,2025-09-23,-24
2025-08-20,SRRK,34.400001525878906,2025-09-23,2025-09-23,-23
2025-08-21,SRRK,34.59000015258789,2025-09-23,2025-09-23,-22
2025-08-22,SRRK,35.4900016784668,2025-09-23,2025-09-23,-21
2025-08-25,SRRK,33.33000183105469,2025-09-23,2025-09-23,-20
2025-08-26,SRRK,33.779998779296875,2025-09-23,2025-09-23,-19
2025-08-27,SRRK,34.470001220703125,2025-09-23,2025-09-23,-18
2025-08-28,SRRK,33.279998779296875,2025-09-23,2025-09-23,-17
2025-08-29,SRRK,32.650001525878906,2025-09-23,2025-09-23,-16
2025-09-02,SRRK,33.119998931884766,2025-09-23,2025-09-23,-15
2025-09-03,SRRK,34.380001068115234,2025-09-23,2025-09-23,-14
2025-09-04,SRRK,32.439998626708984,2025-09-23,2025-09-23,-13
2025-09-05,SRRK,31.40999984741211,2025-09-23,2025-09-23,-12
2025-09-08,SRRK,31.579999923706055,2025-09-23,2025-09-23,-11
2025-09-09,SRRK,31.579999923706055,2025-09-23,2025-09-23,-10
2025-09-10,SRRK,31.239999771118164,2025-09-23,2025-09-23,-9
2025-09-11,SRRK,31.84000015258789,2025-09-23,2025-09-23,-8
2025-09-12,SRRK,31.670000076293945,2025-09-23,2025-09-23,-7
2025-09-15,SRRK,33.66999816894531,2025-09-23,2025-09-23,-6
2025-09-16,SRRK,32.34000015258789,2025-09-23,2025-09-23,-5
2025-09-17,SRRK,31.950000762939453,2025-09-23,2025-09-23,-4
2025-09-18,SRRK,32.47999954223633,2025-09-23,2025-09-23,-3
2025-09-19,SRRK,30.84000015258789,2025-09-23,2025-09-23,-2
2025-09-22,SRRK,32.58000183105469,2025-09-23,2025-09-23,-1
2025-09-23,SRRK,33.75,2025-09-23,2025-09-23,0
2025-09-24,SRRK,33.720001220703125,2025-09-23,2025-09-23,1
2025-09-25,SRRK,34.4900016784668,2025-09-23,2025-09-23,2
2025-09-26,SRRK,38.75,2025-09-23,2025-09-23,3
2025-09-29,SRRK,38.36000061035156,2025-09-23,2025-09-23,4
2025-09-30,SRRK,37.2400016784668,2025-09-23,2025-09-23,5
2025-10-01,SRRK,34.68000030517578,2025-09-23,2025-09-23,6
2025-10-02,SRRK,35.189998626708984,2025-09-23,2025-09-23,7
2025-10-03,SRRK,37.470001220703125,2025-09-23,2025-09-23,8
2025-10-06,SRRK,39.79999923706055,2025-09-23,2025-09-23,9
2025-10-07,SRRK,39.5,2025-09-23,2025-09-23,10
2025-10-08,SRRK,38.689998626708984,2025-09-23,2025-09-23,11
2025-10-09,SRRK,40.9900016784668,2025-09-23,2025-09-23,12
2025-10-10,SRRK,39.459999084472656,2025-09-23,2025-09-23,13
2025-10-13,SRRK,34.275001525878906,2025-09-23,2025-09-23,14
2025-10-14,SRRK,31.899999618530273,2025-09-23,2025-09-23,15
2025-10-15,SRRK,32.400001525878906,2025-09-23,2025-09-23,16
2025-10-16,SRRK,29.440000534057617,2025-09-23,2025-09-23,17
2025-10-17,SRRK,27.940000534057617,2025-09-23,2025-09-23,18
2025-10-20,SRRK,27.920000076293945,2025-09-23,2025-09-23,19
2025-10-21,SRRK,28.170000076293945,2025-09-23,2025-09-23,20
2025-10-22,SRRK,28.520000457763672,2025-09-23,2025-09-23,21
2025-10-23,SRRK,28.65999984741211,2025-09-23,2025-09-23,22
2025-10-24,SRRK,29.68000030517578,2025-09-23,2025-09-23,23
2025-10-27,SRRK,30.5,2025-09-23,2025-09-23,24
2025-10-28,SRRK,29.8799991607666,2025-09-23,2025-09-23,25
2025-10-29,SRRK,29.270000457763672,2025-09-23,2025-09-23,26
2025-10-30,SRRK,29.3700008392334,2025-09-23,2025-09-23,27
2025-10-31,SRRK,29.6200008392334,2025-09-23,2025-09-23,28
2025-11-03,SRRK,28.780000686645508,2025-09-23,2025-09-23,29
2025-11-04,SRRK,28.049999237060547,2025-09-23,2025-09-23,30
2025-08-13,CRNX,30.09000015258789,2025-09-25,2025-09-25,-30
2025-08-14,CRNX,29.690000534057617,2025-09-25,2025-09-25,-29
2025-08-15,CRNX,30.719999313354492,2025-09-25,2025-09-25,-28
2025-08-18,CRNX,29.739999771118164,2025-09-25,2025-09-25,-27
2025-08-19,CRNX,29.43000030517578,2025-09-25,2025-09-25,-26
2025-08-20,CRNX,29.09000015258789,2025-09-25,2025-09-25,-25
2025-08-21,CRNX,29.399999618530273,2025-09-25,2025-09-25,-24
2025-08-22,CRNX,30.920000076293945,2025-09-25,2025-09-25,-23
2025-08-25,CRNX,30.09000015258789,2025-09-25,2025-09-25,-22
2025-08-26,CRNX,30.93000030517578,2025-09-25,2025-09-25,-21
2025-08-27,CRNX,30.399999618530273,2025-09-25,2025-09-25,-20
2025-08-28,CRNX,30.649999618530273,2025-09-25,2025-09-25,-19
2025-08-29,CRNX,30.989999771118164,2025-09-25,2025-09-25,-18
2025-09-02,CRNX,33.29999923706055,2025-09-25,2025-09-25,-17
2025-09-03,CRNX,34.650001525878906,2025-09-25,2025-09-25,-16
2025-09-04,CRNX,34.25,2025-09-25,2025-09-25,-15
2025-09-05,CRNX,35.61000061035156,2025-09-25,2025-09-25,-14
2025-09-08,CRNX,35.13999938964844,2025-09-25,2025-09-25,-13
2025-09-09,CRNX,36.5,2025-09-25,2025-09-25,-12
2025-09-10,CRNX,35.0,2025-09-25,2025-09-25,-11
2025-09-11,CRNX,33.72999954223633,2025-09-25,2025-09-25,-10
2025-09-12,CRNX,34.0,2025-09-25,2025-09-25,-9
2025-09-15,CRNX,33.77000045776367,2025-09-25,2025-09-25,-8
2025-09-16,CRNX,34.099998474121094,2025-09-25,2025-09-25,-7
2025-09-17,CRNX,34.20000076293945,2025-09-25,2025-09-25,-6
2025-09-18,CRNX,35.47999954223633,2025-09-25,2025-09-25,-5
2025-09-19,CRNX,33.90999984741211,2025-09-25,2025-09-25,-4
2025-09-22,CRNX,33.720001220703125,2025-09-25,2025-09-25,-3
2025-09-23,CRNX,35.86000061035156,2025-09-25,2025-09-25,-2
2025-09-24,CRNX,35.18000030517578,2025-09-25,2025-09-25,-1
2025-09-25,CRNX,35.88999938964844,2025-09-25,2025-09-25,0
2025-09-26,CRNX,45.90999984741211,2025-09-25,2025-09-25,1
2025-09-29,CRNX,43.5099983215332,2025-09-25,2025-09-25,2
2025-09-30,CRNX,41.650001525878906,2025-09-25,2025-09-25,3
2025-10-01,CRNX,41.61000061035156,2025-09-25,2025-09-25,4
2025-10-02,CRNX,41.5099983215332,2025-09-25,2025-09-25,5
2025-10-03,CRNX,40.86000061035156,2025-09-25,2025-09-25,6
2025-10-06,CRNX,41.68000030517578,2025-09-25,2025-09-25,7
2025-10-07,CRNX,42.5,2025-09-25,2025-09-25,8
2025-10-08,CRNX,44.43000030517578,2025-09-25,2025-09-25,9
2025-10-09,CRNX,45.7599983215332,2025-09-25,2025-09-25,10
2025-10-10,CRNX,44.93000030517578,2025-09-25,2025-09-25,11
2025-10-13,CRNX,44.43000030517578,2025-09-25,2025-09-25,12
2025-10-14,CRNX,44.04999923706055,2025-09-25,2025-09-25,13
2025-10-15,CRNX,44.150001525878906,2025-09-25,2025-09-25,14
2025-10-16,CRNX,42.310001373291016,2025-09-25,2025-09-25,15
2025-10-17,CRNX,41.56999969482422,2025-09-25,2025-09-25,16
2025-10-20,CRNX,42.45000076293945,2025-09-25,2025-09-25,17
2025-10-21,CRNX,42.849998474121094,2025-09-25,2025-09-25,18
2025-10-22,CRNX,40.43000030517578,2025-09-25,2025-09-25,19
2025-10-23,CRNX,40.08000183105469,2025-09-25,2025-09-25,20
2025-10-24,CRNX,40.9900016784668,2025-09-25,2025-09-25,21
2025-10-27,CRNX,44.34000015258789,2025-09-25,2025-09-25,22
2025-10-28,CRNX,42.060001373291016,2025-09-25,2025-09-25,23
2025-10-29,CRNX,42.900001525878906,2025-09-25,2025-09-25,24
2025-10-30,CRNX,43.279998779296875,2025-09-25,2025-09-25,25
2025-10-31,CRNX,43.5,2025-09-25,2025-09-25,26
2025-11-03,CRNX,42.849998474121094,2025-09-25,2025-09-25,27
2025-11-04,CRNX,42.5099983215332,2025-09-25,2025-09-25,28
2025-11-05,CRNX,42.529998779296875,2025-09-25,2025-09-25,29
2025-11-06,CRNX,43.4900016784668,2025-09-25,2025-09-25,30
